login,name,company,location,email,hireable,bio,public_repos,followers,following,created_at
orta,,,,,,,0,0,0,
jeromeetienne,,,,,,,0,0,0,
jonataslaw,,,,,,,0,0,0,
steventroughtonsmith,,,,,,,0,0,0,
axic,,,,,,,0,0,0,
lmammino,,,,,,,0,0,0,
flaviohenriquealmeida,,,,,,,0,0,0,
snrazavi,,,,,,,0,0,0,
filipesilva,,,,,,,0,0,0,
afshinm,,,,,,,0,0,0,
bl4de,,,,,,,0,0,0,
guibranco,,,,,,,0,0,0,
zalando,,,,,,,0,0,0,
avidLearnerInProgress,,,,,,,0,0,0,
derekmolloy,,,,,,,0,0,0,
AnikSarker,,,,,,,0,0,0,
clarkdo,,,,,,,0,0,0,
flaviojmendes,,,,,,,0,0,0,
wix,,,,,,,0,0,0,
ahmedadeltito,,,,,,,0,0,0,
xiaokangwang,,,,,,,0,0,0,
Gpzim98,,,,,,,0,0,0,
kracekumar,,,,,,,0,0,0,
rampatra,,,,,,,0,0,0,
Ashwin-Poefra,,,,,,,0,0,0,
sadlil,,,,,,,0,0,0,
juarezpaf,,,,,,,0,0,0,
hmikihth,,,,,,,0,0,0,
CardinalHealth,,,,,,,0,0,0,
imandyie,,,,,,,0,0,0,
